{
	"class_name" : "PinholeCameraParameters",
	"extrinsic" : 
	[
		-0.37305471035577814,
		-0.69836044798515351,
		-0.61083784081484527,
		0.0,
		0.92714769618455295,
		-0.25573803391341993,
		-0.27385252868975762,
		0.0,
		0.035033306167739142,
		-0.66849887262438545,
		0.74288755862437439,
		0.0,
		-35.09019090086187,
		22.969374171890571,
		22.424848668155441,
		1.0
	],
	"intrinsic" : 
	{
		"height" : 1065,
		"intrinsic_matrix" : 
		[
			922.31705503042724,
			0.0,
			0.0,
			0.0,
			922.31705503042724,
			0.0,
			959.5,
			532.0,
			1.0
		],
		"width" : 1920
	},
	"version_major" : 1,
	"version_minor" : 0
}