{
	"class_name" : "PinholeCameraParameters",
	"extrinsic" : 
	[
		-0.35195812816818933,
		-0.61116917610816635,
		-0.70894126286428694,
		0.0,
		0.93598000504866041,
		-0.23642018389092087,
		-0.26085805871794149,
		0.0,
		-0.008179618906416412,
		-0.75536596085887309,
		0.65525213392273451,
		0.0,
		-26.891436060928338,
		25.298127007814621,
		42.252643441164274,
		1.0
	],
	"intrinsic" : 
	{
		"height" : 1065,
		"intrinsic_matrix" : 
		[
			922.31705503042724,
			0.0,
			0.0,
			0.0,
			922.31705503042724,
			0.0,
			959.5,
			532.0,
			1.0
		],
		"width" : 1920
	},
	"version_major" : 1,
	"version_minor" : 0
}