{
	"class_name" : "PinholeCameraParameters",
	"extrinsic" : 
	[
		-0.42278019608296147,
		-0.61413131395793219,
		-0.66640800941792144,
		0.0,
		0.905909373001898,
		-0.26677742247465885,
		-0.32887385843980604,
		0.0,
		0.024189123741071794,
		-0.74274661633297334,
		0.66913552455280545,
		0.0,
		-33.936543774222798,
		22.713774074260137,
		22.068511666399065,
		1.0
	],
	"intrinsic" : 
	{
		"height" : 1065,
		"intrinsic_matrix" : 
		[
			922.31705503042724,
			0.0,
			0.0,
			0.0,
			922.31705503042724,
			0.0,
			959.5,
			532.0,
			1.0
		],
		"width" : 1920
	},
	"version_major" : 1,
	"version_minor" : 0
}